<?xml version='1.0' encoding='UTF-8'?>
<faces-config version="2.2"
              xmlns="http://xmlns.jcp.org/xml/ns/javaee"
              xmlns:xsi="http://www.w3.org/2001/XMLSchema-instance"
              xsi:schemaLocation="http://xmlns.jcp.org/xml/ns/javaee http://xmlns.jcp.org/xml/ns/javaee/web-facesconfig_2_2.xsd">
   
    <managed-bean>
        <managed-bean-name>login</managed-bean-name>
        <managed-bean-class>controlador.login</managed-bean-class>
        <managed-bean-scope>session</managed-bean-scope>
    </managed-bean>
    
    <managed-bean>
        <managed-bean-name>registroCompras</managed-bean-name>
        <managed-bean-class>controlador.registroCompras</managed-bean-class>
        <managed-bean-scope>session</managed-bean-scope>
    </managed-bean>
    <managed-bean>
        <managed-bean-name>visualizar</managed-bean-name>
        <managed-bean-class>controlador.visualizar</managed-bean-class>
        <managed-bean-scope>session</managed-bean-scope>
    </managed-bean>
    <managed-bean>
        <managed-bean-name>requisiciones</managed-bean-name>
        <managed-bean-class>controlador.requisiciones</managed-bean-class>
        <managed-bean-scope>session</managed-bean-scope>
    </managed-bean>
    <managed-bean>
        <managed-bean-name>proovedores</managed-bean-name>
        <managed-bean-class>controlador.proovedores</managed-bean-class>
        <managed-bean-scope>session</managed-bean-scope></managed-bean>
    <managed-bean>
        <managed-bean-name>proovedoresLista</managed-bean-name>
        <managed-bean-class>modelo.proovedoresLista</managed-bean-class>
    
        <managed-bean-scope>session</managed-bean-scope></managed-bean>
    <managed-bean>
        <managed-bean-name>pedidos</managed-bean-name>
        <managed-bean-class>controlador.pedidos</managed-bean-class>
        <managed-bean-scope>session</managed-bean-scope>
    </managed-bean>
</faces-config>
